scorer,DeepCut_resnet101_LinearChamberNov19shuffle1_1030000,DeepCut_resnet101_LinearChamberNov19shuffle1_1030000,DeepCut_resnet101_LinearChamberNov19shuffle1_1030000,DeepCut_resnet101_LinearChamberNov19shuffle1_1030000,DeepCut_resnet101_LinearChamberNov19shuffle1_1030000,DeepCut_resnet101_LinearChamberNov19shuffle1_1030000,DeepCut_resnet101_LinearChamberNov19shuffle1_1030000,DeepCut_resnet101_LinearChamberNov19shuffle1_1030000,DeepCut_resnet101_LinearChamberNov19shuffle1_1030000,DeepCut_resnet101_LinearChamberNov19shuffle1_1030000,DeepCut_resnet101_LinearChamberNov19shuffle1_1030000,DeepCut_resnet101_LinearChamberNov19shuffle1_1030000
bodyparts,Snout,Snout,Snout,LeftEar,LeftEar,LeftEar,RightEar,RightEar,RightEar,TailBase,TailBase,TailBase
coords,x,y,likelihood,x,y,likelihood,x,y,likelihood,x,y,likelihood
labeled-data\20180910_Trial8\img09978.png,553.8039104938507,157.34656834602356,1.9515512121870415e-06,538.0768781900406,170.51880288124084,0.9664700031280518,529.356458902359,149.60581040382385,1.0,586.0022974014282,153.44576263427734,0.9701955914497375
labeled-data\20180910_Trial8\img10000.png,567.3633155822754,157.1662014722824,1.836215915318462e-06,536.8820281028748,170.18278872966766,0.2780626714229584,530.3184998035431,148.12865288555622,0.9999908208847046,584.7659573554993,152.34622931480408,0.9995766282081604
labeled-data\20180910_Trial8\img10002.png,520.5989511013031,145.49999904632568,1.735679802550294e-06,536.9923644065857,168.98649096488953,0.8602352142333984,531.3563094735146,146.95611357688904,1.0,585.6581556797028,150.45366096496582,0.9998109936714172
labeled-data\20180910_Trial8\img10004.png,1.457855463027954,2.22394597530365,1.6709742567400099e-06,538.7089828252792,167.46387910842896,0.0013869070680812001,534.3655920028687,145.58508491516113,0.9836456775665283,584.3257012367249,152.79860281944275,0.9956974983215332
