scorer,DeepCut_resnet101_LinearChamberNov19shuffle1_1030000,DeepCut_resnet101_LinearChamberNov19shuffle1_1030000,DeepCut_resnet101_LinearChamberNov19shuffle1_1030000,DeepCut_resnet101_LinearChamberNov19shuffle1_1030000,DeepCut_resnet101_LinearChamberNov19shuffle1_1030000,DeepCut_resnet101_LinearChamberNov19shuffle1_1030000,DeepCut_resnet101_LinearChamberNov19shuffle1_1030000,DeepCut_resnet101_LinearChamberNov19shuffle1_1030000,DeepCut_resnet101_LinearChamberNov19shuffle1_1030000,DeepCut_resnet101_LinearChamberNov19shuffle1_1030000,DeepCut_resnet101_LinearChamberNov19shuffle1_1030000,DeepCut_resnet101_LinearChamberNov19shuffle1_1030000
bodyparts,Snout,Snout,Snout,LeftEar,LeftEar,LeftEar,RightEar,RightEar,RightEar,TailBase,TailBase,TailBase
coords,x,y,likelihood,x,y,likelihood,x,y,likelihood,x,y,likelihood
labeled-data\20180919_Trial6\img11292.png,585.4607903957367,154.48106694221497,9.508746734354645e-05,581.6587941646576,98.10888636112213,1.0,557.2186107635498,105.95022678375244,0.9999980926513672,512.0360202789307,73.08754110336304,1.0
labeled-data\20180919_Trial6\img11824.png,126.69500660896301,185.22573924064636,0.0002216164139099419,142.0964195728302,147.80827251076698,0.9958055019378662,118.67705488204956,157.8022220134735,1.0,115.65301549434662,75.02791166305542,1.0
