scorer,DeepCut_resnet101_LinearChamberNov19shuffle1_1030000,DeepCut_resnet101_LinearChamberNov19shuffle1_1030000,DeepCut_resnet101_LinearChamberNov19shuffle1_1030000,DeepCut_resnet101_LinearChamberNov19shuffle1_1030000,DeepCut_resnet101_LinearChamberNov19shuffle1_1030000,DeepCut_resnet101_LinearChamberNov19shuffle1_1030000,DeepCut_resnet101_LinearChamberNov19shuffle1_1030000,DeepCut_resnet101_LinearChamberNov19shuffle1_1030000,DeepCut_resnet101_LinearChamberNov19shuffle1_1030000,DeepCut_resnet101_LinearChamberNov19shuffle1_1030000,DeepCut_resnet101_LinearChamberNov19shuffle1_1030000,DeepCut_resnet101_LinearChamberNov19shuffle1_1030000
bodyparts,Snout,Snout,Snout,LeftEar,LeftEar,LeftEar,RightEar,RightEar,RightEar,TailBase,TailBase,TailBase
coords,x,y,likelihood,x,y,likelihood,x,y,likelihood,x,y,likelihood
labeled-data\20180906_Trial14\img07862.png,459.21555799245834,124.93233948945999,1.7914406953423168e-06,469.7402400970459,164.5731475353241,0.9999972581863403,458.2756015062332,135.25664710998535,1.0,531.4583797454834,132.1987829208374,1.0
labeled-data\20180906_Trial14\img10773.png,486.6663188934326,132.7412576675415,1.0836452020157594e-06,417.4526300430298,163.9839765932411,0.793861985206604,416.257208108902,132.95769333839417,1.0,488.43169832229614,133.26695919036865,1.0
labeled-data\20180906_Trial14\img10840.png,277.8520259857178,135.59289836883545,8.157131787811522e-07,282.893323302269,154.80408990383148,4.481822088564513e-06,210.54207348823547,132.52051961421967,0.17352518439292908,280.1377410888672,135.51064777374268,1.0
labeled-data\20180906_Trial14\img12507.png,544.7997579574585,98.77960205078125,1.69911822922586e-06,581.9150429964066,157.70450854301453,0.9937620759010315,555.7441223561764,153.82037782669067,0.029780086129903793,545.737699508667,99.49855136871338,1.0
labeled-data\20180906_Trial14\img12508.png,545.7576382160187,99.73160457611084,3.0283354135463014e-07,556.797415971756,111.5080235004425,2.977301392093068e-06,556.3097139298916,150.5645489692688,5.254117695585592e-06,548.3246250152588,99.05195951461792,1.0
labeled-data\20180906_Trial14\img17722.png,202.4864363670349,77.93943583965302,1.954675099113956e-06,169.75294184684753,69.3580652475357,0.0003014733665622771,163.4733374118805,98.84258103370667,0.9999998807907104,136.62753105163574,136.37846565246582,1.0
