scorer,DeepCut_resnet101_LinearChamberNov19shuffle1_1030000,DeepCut_resnet101_LinearChamberNov19shuffle1_1030000,DeepCut_resnet101_LinearChamberNov19shuffle1_1030000,DeepCut_resnet101_LinearChamberNov19shuffle1_1030000,DeepCut_resnet101_LinearChamberNov19shuffle1_1030000,DeepCut_resnet101_LinearChamberNov19shuffle1_1030000,DeepCut_resnet101_LinearChamberNov19shuffle1_1030000,DeepCut_resnet101_LinearChamberNov19shuffle1_1030000,DeepCut_resnet101_LinearChamberNov19shuffle1_1030000,DeepCut_resnet101_LinearChamberNov19shuffle1_1030000,DeepCut_resnet101_LinearChamberNov19shuffle1_1030000,DeepCut_resnet101_LinearChamberNov19shuffle1_1030000
bodyparts,Snout,Snout,Snout,LeftEar,LeftEar,LeftEar,RightEar,RightEar,RightEar,TailBase,TailBase,TailBase
coords,x,y,likelihood,x,y,likelihood,x,y,likelihood,x,y,likelihood
labeled-data\20180919_Trial10\img01443.png,329.8286838531494,65.56870079040527,2.006774411711376e-05,250.44608736038208,77.4721554517746,7.360923336818814e-05,303.47161960601807,96.76297736167908,0.00027357556973583996,236.5794496536255,88.02073574066162,1.0
labeled-data\20180919_Trial10\img07607.png,349.0124374628067,78.98656582832336,0.0001143274930655025,382.05052614212036,102.86143064498901,0.00021835925872437656,442.09242963790894,96.10476160049438,0.0003530920366756618,452.72941821813583,85.66838455200195,1.0
labeled-data\20180919_Trial10\img11793.png,376.93917059898376,77.91956150531769,0.00032475305488333106,265.37934732437134,92.54782885313034,0.00027188309468328953,341.6107827425003,99.00653982162476,0.00046958535676822066,270.7586781978607,80.55952262878418,1.0
labeled-data\20180919_Trial10\img17851.png,574.405356168747,0.5944149494171143,3.396243073439109e-06,561.7604203224182,146.170107960701,0.03881926089525223,561.7628235816956,133.99133706092834,0.999988317489624,547.7397343218327,89.61690187454224,0.9722532629966736
labeled-data\20180919_Trial10\img17853.png,552.2081205844879,124.71187734603882,2.8335853130556643e-06,554.6109430789948,150.77399921417236,0.9557090401649475,555.7839380651712,131.61977791786194,0.999941349029541,546.5156011581421,91.75117801129818,0.10457297414541245
